file_name,label
1.mp4,real
2.mp4,real
3.mp4,real
4.mp4,real
5.mp4,real
6.mp4,real
7.mp4,real
8.mp4,real
9.mp4,real
10.mp4,real
11.mp4,real
12.mp4,real
13.mp4,real
14.mp4,real
15.mp4,real
16.mp4,real
17.mp4,real
18.mp4,real
19.mp4,real
20.mp4,real
21.mp4,real
22.mp4,real
23.mp4,real
24.mp4,real
25.mp4,real
26.mp4,real
27.mp4,real
28.mp4,real
29.mp4,real
30.mp4,real
31.mp4,real
32.mp4,real
33.mp4,real
34.mp4,real
35.mp4,real
36.mp4,real
37.mp4,real
38.mp4,real
39.mp4,real
40.mp4,real
41.mp4,real
42.mp4,real
43.mp4,real
44.mp4,real
45.mp4,real
46.mp4,real
47.mp4,real
48.mp4,real
49.mp4,real
50.mp4,real
51.mp4,real
52.mp4,real
53.mp4,real
54.mp4,real
55.mp4,real
56.mp4,real
57.mp4,real
58.mp4,real
59.mp4,real
60.mp4,real
61.mp4,real
62.mp4,real
63.mp4,real
64.mp4,real
65.mp4,real
66.mp4,real
67.mp4,real
68.mp4,real
69.mp4,real
70.mp4,real
71.mp4,real
72.mp4,real
73.mp4,real
74.mp4,real
75.mp4,real
76.mp4,real
77.mp4,real
78.mp4,real
79.mp4,real
80.mp4,real
81.mp4,real
82.mp4,real
83.mp4,real
84.mp4,real
85.mp4,real
86.mp4,real
87.mp4,real
88.mp4,real
89.mp4,real
90.mp4,real
91.mp4,real
92.mp4,real
93.mp4,real
94.mp4,real
95.mp4,real
96.mp4,real
97.mp4,real
98.mp4,real
99.mp4,real
100.mp4,real
101.mp4,real
102.mp4,real
103.mp4,real
104.mp4,real
105.mp4,real
106.mp4,real
107.mp4,real
108.mp4,real
109.mp4,real
110.mp4,real
111.mp4,real
112.mp4,real
113.mp4,real
114.mp4,real
115.mp4,real
116.mp4,real
117.mp4,real
118.mp4,real
119.mp4,real
120.mp4,real
121.mp4,real
122.mp4,real
123.mp4,real
124.mp4,real
125.mp4,real
126.mp4,real
127.mp4,real
128.mp4,real
129.mp4,real
130.mp4,real
131.mp4,real
132.mp4,real
133.mp4,real
134.mp4,real
135.mp4,real
136.mp4,real
137.mp4,real
138.mp4,real
139.mp4,real
140.mp4,real
141.mp4,real
142.mp4,real
143.mp4,real
144.mp4,real
145.mp4,real
146.mp4,real
147.mp4,real
148.mp4,real
149.mp4,real
150.mp4,real
151.mp4,real
152.mp4,real
153.mp4,real
154.mp4,real
155.mp4,real
156.mp4,real
157.mp4,real
158.mp4,real
159.mp4,real
160.mp4,real
161.mp4,real
162.mp4,real
163.mp4,real
164.mp4,real
165.mp4,real
166.mp4,real
167.mp4,real
168.mp4,real
169.mp4,real
170.mp4,real
171.mp4,real
172.mp4,real
173.mp4,real
174.mp4,real
175.mp4,real
176.mp4,real
177.mp4,real
178.mp4,real
179.mp4,real
180.mp4,real
181.mp4,real
182.mp4,real
183.mp4,real
184.mp4,real
185.mp4,real
186.mp4,real
187.mp4,real
188.mp4,real
189.mp4,real
190.mp4,real
191.mp4,real
192.mp4,real
193.mp4,real
194.mp4,real
195.mp4,real
196.mp4,real
197.mp4,real
198.mp4,real
199.mp4,real
200.mp4,real
201.mp4,real
202.mp4,real
203.mp4,real
204.mp4,real
205.mp4,real
206.mp4,real
207.mp4,real
208.mp4,real
209.mp4,real
210.mp4,real
211.mp4,real
212.mp4,real
213.mp4,real
214.mp4,real
215.mp4,real
216.mp4,real
217.mp4,real
218.mp4,real
219.mp4,real
220.mp4,real
221.mp4,real
222.mp4,real
223.mp4,real
224.mp4,real
225.mp4,real
226.mp4,real
227.mp4,real
228.mp4,real
229.mp4,real
230.mp4,real
231.mp4,real
232.mp4,real
233.mp4,real
234.mp4,real
235.mp4,real
236.mp4,real
237.mp4,real
238.mp4,real
239.mp4,real
240.mp4,real
241.mp4,real
242.mp4,real
243.mp4,real
244.mp4,real
245.mp4,real
246.mp4,real
247.mp4,real
248.mp4,real
249.mp4,real
250.mp4,real
251.mp4,real
252.mp4,real
253.mp4,real
254.mp4,real
255.mp4,real
256.mp4,real
257.mp4,real
258.mp4,real
259.mp4,real
260.mp4,real
261.mp4,real
262.mp4,real
263.mp4,real
264.mp4,real
265.mp4,real
266.mp4,real
267.mp4,real
268.mp4,real
269.mp4,real
270.mp4,real
271.mp4,real
272.mp4,real
273.mp4,real
274.mp4,real
275.mp4,real
276.mp4,real
277.mp4,real
278.mp4,real
279.mp4,real
280.mp4,real
281.mp4,real
282.mp4,real
283.mp4,real
284.mp4,real
285.mp4,real
286.mp4,real
287.mp4,real
288.mp4,real
289.mp4,real
290.mp4,real
291.mp4,real
292.mp4,real
293.mp4,real
294.mp4,real
295.mp4,real
296.mp4,real
297.mp4,real
298.mp4,real
299.mp4,real
300.mp4,real
301.mp4,real
302.mp4,real
303.mp4,real
304.mp4,real
305.mp4,real
306.mp4,real
307.mp4,real
308.mp4,real
309.mp4,real
310.mp4,real
311.mp4,real
312.mp4,real
313.mp4,real
314.mp4,real
315.mp4,real
316.mp4,real
317.mp4,real
318.mp4,real
319.mp4,real
320.mp4,real
321.mp4,real
322.mp4,real
323.mp4,real
324.mp4,real
325.mp4,real
326.mp4,real
327.mp4,real
328.mp4,real
329.mp4,real
330.mp4,real
331.mp4,real
332.mp4,real
333.mp4,real
334.mp4,real
335.mp4,real
336.mp4,real
337.mp4,real
338.mp4,real
339.mp4,real
340.mp4,real
341.mp4,real
342.mp4,real
343.mp4,real
344.mp4,real
345.mp4,real
346.mp4,real
347.mp4,real
348.mp4,real
349.mp4,real
350.mp4,real
351.mp4,real
352.mp4,real
353.mp4,real
354.mp4,real
355.mp4,real
356.mp4,real
357.mp4,real
358.mp4,real
359.mp4,real
360.mp4,real
361.mp4,real
362.mp4,real
363.mp4,real
364.mp4,fake
365.mp4,fake
366.mp4,fake
367.mp4,fake
368.mp4,fake
369.mp4,fake
370.mp4,fake
371.mp4,fake
372.mp4,fake
373.mp4,fake
374.mp4,fake
375.mp4,fake
376.mp4,fake
377.mp4,fake
378.mp4,fake
379.mp4,fake
380.mp4,fake
381.mp4,fake
382.mp4,fake
383.mp4,fake
384.mp4,fake
385.mp4,fake
386.mp4,fake
387.mp4,fake
388.mp4,fake
389.mp4,fake
390.mp4,fake
391.mp4,fake
392.mp4,fake
393.mp4,fake
394.mp4,fake
395.mp4,fake
396.mp4,fake
397.mp4,fake
398.mp4,fake
399.mp4,fake
400.mp4,fake
401.mp4,fake
402.mp4,fake
403.mp4,fake
404.mp4,fake
405.mp4,fake
406.mp4,fake
407.mp4,fake
408.mp4,fake
409.mp4,fake
410.mp4,fake
411.mp4,fake
412.mp4,fake
413.mp4,fake
414.mp4,fake
415.mp4,fake
416.mp4,fake
417.mp4,fake
418.mp4,fake
419.mp4,fake
420.mp4,fake
421.mp4,fake
422.mp4,fake
423.mp4,fake
424.mp4,fake
425.mp4,fake
426.mp4,fake
427.mp4,fake
428.mp4,fake
429.mp4,fake
430.mp4,fake
431.mp4,fake
432.mp4,fake
433.mp4,fake
434.mp4,fake
435.mp4,fake
436.mp4,fake
437.mp4,fake
438.mp4,fake
439.mp4,fake
440.mp4,fake
441.mp4,fake
442.mp4,fake
443.mp4,fake
444.mp4,fake
445.mp4,fake
446.mp4,fake
447.mp4,fake
448.mp4,fake
449.mp4,fake
450.mp4,fake
451.mp4,fake
452.mp4,fake
453.mp4,fake
454.mp4,fake
455.mp4,fake
456.mp4,fake
457.mp4,fake
458.mp4,fake
459.mp4,fake
460.mp4,fake
461.mp4,fake
462.mp4,fake
463.mp4,fake
464.mp4,fake
465.mp4,fake
466.mp4,fake
467.mp4,fake
468.mp4,fake
469.mp4,fake
470.mp4,fake
471.mp4,fake
472.mp4,fake
473.mp4,fake
474.mp4,fake
475.mp4,fake
476.mp4,fake
477.mp4,fake
478.mp4,fake
479.mp4,fake
480.mp4,fake
481.mp4,fake
482.mp4,fake
483.mp4,fake
484.mp4,fake
485.mp4,fake
486.mp4,fake
487.mp4,fake
488.mp4,fake
489.mp4,fake
490.mp4,fake
491.mp4,fake
492.mp4,fake
493.mp4,fake
494.mp4,fake
495.mp4,fake
496.mp4,fake
497.mp4,fake
498.mp4,fake
499.mp4,fake
500.mp4,fake
501.mp4,fake
502.mp4,fake
503.mp4,fake
504.mp4,fake
505.mp4,fake
506.mp4,fake
507.mp4,fake
508.mp4,fake
509.mp4,fake
510.mp4,fake
511.mp4,fake
512.mp4,fake
513.mp4,fake
514.mp4,fake
515.mp4,fake
516.mp4,fake
517.mp4,fake
518.mp4,fake
519.mp4,fake
520.mp4,fake
521.mp4,fake
522.mp4,fake
523.mp4,fake
524.mp4,fake
525.mp4,fake
526.mp4,fake
527.mp4,fake
528.mp4,fake
529.mp4,fake
530.mp4,fake
531.mp4,fake
532.mp4,fake
533.mp4,fake
534.mp4,fake
535.mp4,fake
536.mp4,fake
537.mp4,fake
538.mp4,fake
539.mp4,fake
540.mp4,fake
541.mp4,fake
542.mp4,fake
543.mp4,fake
544.mp4,fake
545.mp4,fake
546.mp4,fake
547.mp4,fake
548.mp4,fake
549.mp4,fake
550.mp4,fake
551.mp4,fake
552.mp4,fake
553.mp4,fake
554.mp4,fake
555.mp4,fake
556.mp4,fake
557.mp4,fake
558.mp4,fake
559.mp4,fake
560.mp4,fake
561.mp4,fake
562.mp4,fake
563.mp4,fake
564.mp4,fake
565.mp4,fake
566.mp4,fake
567.mp4,fake
568.mp4,fake
569.mp4,fake
570.mp4,fake
571.mp4,fake
572.mp4,fake
573.mp4,fake
574.mp4,fake
575.mp4,fake
576.mp4,fake
577.mp4,fake
578.mp4,fake
579.mp4,fake
580.mp4,fake
581.mp4,fake
582.mp4,fake
583.mp4,fake
584.mp4,fake
585.mp4,fake
586.mp4,fake
587.mp4,fake
588.mp4,fake
589.mp4,fake
590.mp4,fake
591.mp4,fake
592.mp4,fake
593.mp4,fake
594.mp4,fake
595.mp4,fake
596.mp4,fake
597.mp4,fake
598.mp4,fake
599.mp4,fake
600.mp4,fake
601.mp4,fake
602.mp4,fake
603.mp4,fake
604.mp4,fake
605.mp4,fake
606.mp4,fake
607.mp4,fake
608.mp4,fake
609.mp4,fake
610.mp4,fake
611.mp4,fake
612.mp4,fake
613.mp4,fake
614.mp4,fake
615.mp4,fake
616.mp4,fake
617.mp4,fake
618.mp4,fake
619.mp4,fake
620.mp4,fake
621.mp4,fake
622.mp4,fake
623.mp4,fake
624.mp4,fake
625.mp4,fake
626.mp4,fake
627.mp4,fake
628.mp4,fake
629.mp4,fake
630.mp4,fake
631.mp4,fake
632.mp4,fake
633.mp4,fake
634.mp4,fake
635.mp4,fake
636.mp4,fake
637.mp4,fake
638.mp4,fake
639.mp4,fake
640.mp4,fake
641.mp4,fake
642.mp4,fake
643.mp4,fake
644.mp4,fake
645.mp4,fake
646.mp4,fake
647.mp4,fake
648.mp4,fake
649.mp4,fake
650.mp4,fake
651.mp4,fake
652.mp4,fake
653.mp4,fake
654.mp4,fake
655.mp4,fake
656.mp4,fake
657.mp4,fake
658.mp4,fake
659.mp4,fake
660.mp4,fake
661.mp4,fake
662.mp4,fake
663.mp4,fake
664.mp4,fake
665.mp4,fake
666.mp4,fake
667.mp4,fake
668.mp4,fake
669.mp4,fake
670.mp4,fake
671.mp4,fake
672.mp4,fake
673.mp4,fake
674.mp4,fake
675.mp4,fake
676.mp4,fake
677.mp4,fake
678.mp4,fake
679.mp4,fake
680.mp4,fake
681.mp4,fake
682.mp4,fake
683.mp4,fake
684.mp4,fake
685.mp4,fake
686.mp4,fake
687.mp4,fake
688.mp4,fake
689.mp4,fake
690.mp4,fake
691.mp4,fake
692.mp4,fake
693.mp4,fake
694.mp4,fake
695.mp4,fake
696.mp4,fake
697.mp4,fake
698.mp4,fake
699.mp4,fake
700.mp4,fake
701.mp4,fake
702.mp4,fake
703.mp4,fake
704.mp4,fake
705.mp4,fake
706.mp4,fake
707.mp4,fake
708.mp4,fake
709.mp4,fake
710.mp4,fake
711.mp4,fake
712.mp4,fake
713.mp4,fake
714.mp4,fake
715.mp4,fake
716.mp4,fake
717.mp4,fake
718.mp4,fake
719.mp4,fake
720.mp4,fake
721.mp4,fake
722.mp4,fake
723.mp4,fake
724.mp4,fake
725.mp4,fake
726.mp4,fake
